Nome do destino,Código do serviço,Valor,Prazo Final

Belo Horizonte/MG,LGG,16.87,3
Belo Horizonte/MG,LGG,9.64,4
Belo Horizonte/MG,LGG,21.6,3
Belo Horizonte/MG,LGG,18.1,4
São Paulo/SP,LGG,12.1,2
São Paulo/SP,LGG,9.34,3
São Paulo/SP,LGG,18.17,2
São Paulo/SP,LGG,14.78,4
Franca/SP,LGG,15.08,3
Franca/SP,LGG,9.41,4
Franca/SP,LGG,22.75,3
Franca/SP,LGG,17.41,5
Arapiraca/AL,LGG,42.38,7
Arapiraca/AL,LGG,18,8
Arapiraca/AL,LGG,32.95,7
Arapiraca/AL,LGG,41.9,9
São Paulo/SP,LGG,12.1,2
São Paulo/SP,LGG,9.32,3
São Paulo/SP,LGG,17.41,2
São Paulo/SP,LGG,14.78,4
Santa Vitória/MG,LGG,19.41,6
Santa Vitória/MG,LGG,14.82,7
Santa Vitória/MG,LGG,26.65,6
Santa Vitória/MG,LGG,22.32,8
Pontal/SP,LGG,16.35,4
Pontal/SP,LGG,10.41,5
Pontal/SP,LGG,24.48,4
Pontal/SP,LGG,19.62,6
São Paulo/SP,LGG,13.26,2
São Paulo/SP,LGG,10.5,3
São Paulo/SP,LGG,18.97,2
São Paulo/SP,LGG,15.69,4
Poços de Caldas/MG,LGG,20.25,3
Poços de Caldas/MG,LGG,14.31,4
Poços de Caldas/MG,LGG,24.28,3
Poços de Caldas/MG,LGG,19.64,5
Viamão/RS,LGG,20.87,5
Viamão/RS,LGG,11.72,5
Viamão/RS,LGG,24.46,4
Viamão/RS,LGG,23.25,6
Bauru/SP,LGG,15.08,3
Bauru/SP,LGG,10.35,4
Bauru/SP,LGG,21.24,3
Bauru/SP,LGG,17.41,5
Camaragibe/PE,LGG,19.38,7
Camaragibe/PE,LGG,14.09,8
Camaragibe/PE,LGG,21.28,7
Camaragibe/PE,LGG,22.78,9
Jundiaí/SP,LGG,15.73,2
Jundiaí/SP,LGG,9.99,3
Jundiaí/SP,LGG,23.21,2
Jundiaí/SP,LGG,18.25,4
São Paulo/SP,LGG,10.91,2
São Paulo/SP,LGG,8.09,3
São Paulo/SP,LGG,15.79,2
São Paulo/SP,LGG,13.83,4
São Paulo/SP,LGG,10.5,2
São Paulo/SP,LGG,10.41,3
São Paulo/SP,LGG,15.91,2
São Paulo/SP,LGG,13.15,4
Taubaté/SP,LGG,15.79,3
Taubaté/SP,LGG,10.06,4
Taubaté/SP,LGG,22.75,3
Taubaté/SP,LGG,19.18,5
São Paulo/SP,LGG,10.2,2
São Paulo/SP,LGG,9.32,3
São Paulo/SP,LGG,15.5,2
São Paulo/SP,LGG,12.91,4
São Tiago/MG,LGG,48.04,6
São Tiago/MG,LGG,14.31,8
São Tiago/MG,LGG,22.49,7
Luís Gomes/RN,LGG,101.46,11
Luís Gomes/RN,LGG,15.31,12
Luís Gomes/RN,LGG,34.21,11
Cotia/SP,LGG,49.77,3
Cotia/SP,LGG,40.26,10
São Paulo/SP,LGG,12.78,2
São Paulo/SP,LGG,11.43,3
São Paulo/SP,LGG,18.32,2
São Paulo/SP,LGG,15.31,4
São Caetano do Sul/SP,LGG,13.49,2
São Caetano do Sul/SP,LGG,11.12,3
São Caetano do Sul/SP,LGG,16.3,2
São Caetano do Sul/SP,LGG,15.87,4
Águas de São Pedro/SP,LGG,12.27,5
Águas de São Pedro/SP,LGG,9.95,6
Águas de São Pedro/SP,LGG,17.82,5
Águas de São Pedro/SP,LGG,15.96,7
Ipatinga/MG,LGG,19.52,4
Ipatinga/MG,LGG,11.99,5
Ipatinga/MG,LGG,24.44,4
Ipatinga/MG,LGG,22.41,5
Itaguaí/RJ,LGG,18.11,4
Itaguaí/RJ,LGG,14.97,5
Itaguaí/RJ,LGG,25.64,4
Itaguaí/RJ,LGG,19.93,4
Bambuí/MG,LGG,17.21,5
Bambuí/MG,LGG,15.87,6
Bambuí/MG,LGG,41.66,5
Bambuí/MG,LGG,20.33,6
Brasília/DF,LGG,29.2,3
Brasília/DF,LGG,23.38,4
Brasília/DF,LGG,35.15,3
Brasília/DF,LGG,31.26,5
Embu das Artes/SP,LGG,12.39,2
Embu das Artes/SP,LGG,11.2,3
Embu das Artes/SP,LGG,17.27,2
Embu das Artes/SP,LGG,15.08,4
Jandira/SP,LGG,14.22,3
Jandira/SP,LGG,11.2,4
Jandira/SP,LGG,19.91,3
Jandira/SP,LGG,16.44,5
Araçatuba/SP,LGG,14.05,3
Araçatuba/SP,LGG,10.01,4
Araçatuba/SP,LGG,17.44,3
Araçatuba/SP,LGG,17.84,5
São Paulo/SP,LGG,12.63,2
São Paulo/SP,LGG,11.41,3
São Paulo/SP,LGG,18.11,2
São Paulo/SP,LGG,15.19,4
Feira de Santana/BA,LGG,28.79,5
Feira de Santana/BA,LGG,22.51,6
Feira de Santana/BA,LGG,37.77,5
Feira de Santana/BA,LGG,29.48,7
Brasília/DF,LGG,17.78,3
Brasília/DF,LGG,15.67,4
Brasília/DF,LGG,21.67,3
Brasília/DF,LGG,20.56,5
Mineiros/GO,LGG,46.3,7
Mineiros/GO,LGG,40.77,10
São Paulo/SP,LGG,10.67,2
São Paulo/SP,LGG,10.48,3
São Paulo/SP,LGG,16.14,2
São Paulo/SP,LGG,13.28,4
Lagoa Santa/MG,LGG,17.35,3
Lagoa Santa/MG,LGG,14.32,5
Lagoa Santa/MG,LGG,23.15,4
Lagoa Santa/MG,LGG,20.44,5
Rio de Janeiro/RJ,LGG,15.09,3
Rio de Janeiro/RJ,LGG,13.39,4
Rio de Janeiro/RJ,LGG,21.15,3
Rio de Janeiro/RJ,LGG,15.87,2
Florianópolis/SC,LGG,17.16,4
Florianópolis/SC,LGG,8.07,4
Florianópolis/SC,LGG,14.73,3
Florianópolis/SC,LGG,18.1,5
Jaboticabal/SP,LGG,12.27,4
Jaboticabal/SP,LGG,8.28,5
Jaboticabal/SP,LGG,17.82,4
Jaboticabal/SP,LGG,15.96,6
São Paulo/SP,LGG,15.22,2
São Paulo/SP,LGG,10.58,3
São Paulo/SP,LGG,21.83,2
São Paulo/SP,LGG,17.71,4
São Paulo/SP,LGG,6.96,2
São Paulo/SP,LGG,6.69,3
São Paulo/SP,LGG,10.59,2
São Paulo/SP,LGG,10.13,4
Barretos/SP,LGG,18.79,5
Barretos/SP,LGG,12.45,5
Barretos/SP,LGG,23.61,4
Barretos/SP,LGG,22.29,6
Praia Grande/SP,LGG,13.21,2
Praia Grande/SP,LGG,12.3,3
Praia Grande/SP,LGG,22.1,2
Praia Grande/SP,LGG,16.62,4
São Paulo/SP,LGG,8.81,2
São Paulo/SP,LGG,9.19,3
São Paulo/SP,LGG,13.55,2
São Paulo/SP,LGG,12.03,4
São Paulo/SP,LGG,12.97,2
São Paulo/SP,LGG,10.54,3
São Paulo/SP,LGG,18.58,2
São Paulo/SP,LGG,15.47,4
Sabará/MG,LGG,24.97,3
Sabará/MG,LGG,20.04,4
Sabará/MG,LGG,31.84,3
Sabará/MG,LGG,27.29,4
Rio de Janeiro/RJ,LGG,13.6,3
Rio de Janeiro/RJ,LGG,12.04,4
Rio de Janeiro/RJ,LGG,23.84,3
Rio de Janeiro/RJ,LGG,15.06,2
Limeira/SP,LGG,13.96,3
Limeira/SP,LGG,11.18,4
Limeira/SP,LGG,20.73,3
Limeira/SP,LGG,16.24,5
Miguel Pereira/RJ,LGG,15.88,5
Miguel Pereira/RJ,LGG,13.48,7
Miguel Pereira/RJ,LGG,23.84,5
Miguel Pereira/RJ,LGG,18.89,5
Campinas/SP,LGG,10.69,2
Campinas/SP,LGG,7.66,3
Campinas/SP,LGG,12.84,2
Campinas/SP,LGG,13.9,4
Maceió/AL,LGG,23.57,6
Maceió/AL,LGG,16.16,7
Maceió/AL,LGG,23.95,6
Maceió/AL,LGG,25.56,8
São Paulo/SP,LGG,9.19,2
São Paulo/SP,LGG,9.24,3
São Paulo/SP,LGG,14.06,2
São Paulo/SP,LGG,12.33,4
Campinas/SP,LGG,12.2,2
Campinas/SP,LGG,10.05,3
Campinas/SP,LGG,17.82,2
Campinas/SP,LGG,15.45,4
Americana/SP,LGG,11.29,3
Americana/SP,LGG,7.68,4
Americana/SP,LGG,17.44,3
Americana/SP,LGG,14.72,5
Barueri/SP,LGG,11.77,3
Barueri/SP,LGG,8.73,4
Barueri/SP,LGG,13.71,3
Barueri/SP,LGG,15.1,5
São José/SC,LGG,11.99,3
São José/SC,LGG,8.18,4
São José/SC,LGG,14.91,3
São José/SC,LGG,14.46,5
São Paulo/SP,LGG,6.87,2
São Paulo/SP,LGG,6.68,3
São Paulo/SP,LGG,10.47,2
São Paulo/SP,LGG,10.05,4
Sapucaí-Mirim/MG,LGG,13.22,7
Sapucaí-Mirim/MG,LGG,10.35,8
Sapucaí-Mirim/MG,LGG,18.67,7
Sapucaí-Mirim/MG,LGG,16.72,9
Taboão da Serra/SP,LGG,11.06,2
Taboão da Serra/SP,LGG,10.05,3
Taboão da Serra/SP,LGG,14.32,2
Taboão da Serra/SP,LGG,14.37,4
Campinas/SP,LGG,12.12,2
Campinas/SP,LGG,9.08,3
Campinas/SP,LGG,17.7,2
Campinas/SP,LGG,15.38,4
Mogi Mirim/SP,LGG,10.69,3
Mogi Mirim/SP,LGG,8.97,4
Mogi Mirim/SP,LGG,15.34,3
Mogi Mirim/SP,LGG,13.9,5
Artur Nogueira/SP,LGG,12.23,5
Artur Nogueira/SP,LGG,9.1,4
Artur Nogueira/SP,LGG,19.09,3
Artur Nogueira/SP,LGG,15.46,7
Rio de Janeiro/RJ,LGG,12.96,3
Rio de Janeiro/RJ,LGG,10.5,4
Rio de Janeiro/RJ,LGG,16.19,3
Rio de Janeiro/RJ,LGG,14.52,2
Santa Rosa de Viterbo/SP,LGG,10.17,3
Santa Rosa de Viterbo/SP,LGG,8.2,4
Santa Rosa de Viterbo/SP,LGG,14.65,3
Santa Rosa de Viterbo/SP,LGG,13.84,5
São Paulo/SP,LGG,9.84,2
São Paulo/SP,LGG,6.82,3
São Paulo/SP,LGG,15.02,2
São Paulo/SP,LGG,12.63,4
Patos de Minas/MG,LGG,16.38,4
Patos de Minas/MG,LGG,13.21,5
Patos de Minas/MG,LGG,24.12,4
Patos de Minas/MG,LGG,19.67,6
Trindade/GO,LGG,57.68,4
Trindade/GO,LGG,18.34,5
Trindade/GO,LGG,24.35,4
São Paulo/SP,LGG,11.99,2
São Paulo/SP,LGG,8.22,3
São Paulo/SP,LGG,17.25,2
São Paulo/SP,LGG,14.68,4
Carapicuíba/SP,LGG,15.2,3
Carapicuíba/SP,LGG,10.07,4
Carapicuíba/SP,LGG,21.39,3
Carapicuíba/SP,LGG,17.5,5
Rio de Janeiro/RJ,LGG,15.84,3
Rio de Janeiro/RJ,LGG,10.51,4
Rio de Janeiro/RJ,LGG,23.04,3
Rio de Janeiro/RJ,LGG,17.39,2
Piracaia/SP,LGG,14.91,5
Piracaia/SP,LGG,10.07,6
Piracaia/SP,LGG,23.88,5
Piracaia/SP,LGG,18.28,7
Goiânia/GO,LGG,18.79,4
Goiânia/GO,LGG,12.51,5
Goiânia/GO,LGG,21.78,4
Goiânia/GO,LGG,16.8,6
Itu/SP,LGG,14.91,4
Itu/SP,LGG,10.07,5
Itu/SP,LGG,22.91,4
Itu/SP,LGG,18.28,5
Araxá/MG,LGG,16.58,4
Araxá/MG,LGG,10.67,5
Araxá/MG,LGG,19.29,4
Araxá/MG,LGG,20.8,6
Vitória/ES,LGG,18.41,3
Vitória/ES,LGG,13.11,5
Vitória/ES,LGG,27.18,4
Vitória/ES,LGG,20.39,5
São Paulo/SP,LGG,12.1,2
São Paulo/SP,LGG,8.23,3
São Paulo/SP,LGG,17.41,2
São Paulo/SP,LGG,14.78,4
São Roque/SP,LGG,18.15,3
São Roque/SP,LGG,10.06,4
São Roque/SP,LGG,22.75,3
São Roque/SP,LGG,21.79,5
Salto de Pirapora/SP,LGG,15.08,5
Salto de Pirapora/SP,LGG,10.06,6
Salto de Pirapora/SP,LGG,23.73,5
Salto de Pirapora/SP,LGG,17.41,7
Guarulhos/SP,LGG,15.08,2
Guarulhos/SP,LGG,10.06,3
Guarulhos/SP,LGG,18.01,2
Guarulhos/SP,LGG,17.41,4
Rio Claro/SP,LGG,14.91,3
Rio Claro/SP,LGG,10.36,4
Rio Claro/SP,LGG,22.91,3
Rio Claro/SP,LGG,18.28,5
Guarulhos/SP,LGG,15.2,2
Guarulhos/SP,LGG,10.07,3
Guarulhos/SP,LGG,18.17,2
Guarulhos/SP,LGG,17.5,4
Rio de Janeiro/RJ,LGG,15.96,3
Rio de Janeiro/RJ,LGG,11.36,4
Rio de Janeiro/RJ,LGG,23.2,3
Rio de Janeiro/RJ,LGG,17.49,2
Piracicaba/SP,LGG,12.27,2
Piracicaba/SP,LGG,7.68,3
Piracicaba/SP,LGG,16.59,2
Piracicaba/SP,LGG,15.96,4
Niterói/RJ,LGG,17.29,3
Niterói/RJ,LGG,13.47,4
Niterói/RJ,LGG,24.28,3
Niterói/RJ,LGG,18.42,3
São Paulo/SP,LGG,8.16,2
São Paulo/SP,LGG,8.11,3
São Paulo/SP,LGG,12.68,2
São Paulo/SP,LGG,11.52,4
São José do Rio Preto/SP,LGG,10.26,4
São José do Rio Preto/SP,LGG,8.21,5
São José do Rio Preto/SP,LGG,13.71,4
São José do Rio Preto/SP,LGG,13.91,6
Rio de Janeiro/RJ,LGG,16.48,4
Rio de Janeiro/RJ,LGG,45.32,4
Espírito Santo do Pinhal/SP,LGG,12.33,4
Espírito Santo do Pinhal/SP,LGG,8.99,5
Espírito Santo do Pinhal/SP,LGG,17.91,4
Espírito Santo do Pinhal/SP,LGG,16.01,6
Brasília/DF,LGG,12.15,3
Brasília/DF,LGG,10.8,4
Brasília/DF,LGG,15.59,3
Brasília/DF,LGG,16.52,5
Fortaleza/CE,LGG,15.33,8
Fortaleza/CE,LGG,13.98,9
Fortaleza/CE,LGG,19.76,8
Fortaleza/CE,LGG,17.39,10
Balsa Nova/PR,LGG,10.33,6
Balsa Nova/PR,LGG,6.8,8
Balsa Nova/PR,LGG,15.22,4
Balsa Nova/PR,LGG,12.51,8
Jaú/SP,LGG,13.11,3
Jaú/SP,LGG,9.35,4
Jaú/SP,LGG,19.48,3
Jaú/SP,LGG,16.1,5
São Francisco de Itabapoana/RJ,LGG,47.94,8
São Francisco de Itabapoana/RJ,LGG,24.64,9
Nova Friburgo/RJ,LGG,13.21,3
Nova Friburgo/RJ,LGG,10.71,4
Nova Friburgo/RJ,LGG,19.76,3
Nova Friburgo/RJ,LGG,14.97,3
Campo Belo/MG,LGG,14.81,3
Campo Belo/MG,LGG,11.94,4
Campo Belo/MG,LGG,24.12,3
Campo Belo/MG,LGG,17.51,5
Jaú/SP,LGG,11.39,3
Jaú/SP,LGG,9.3,4
Jaú/SP,LGG,17.44,3
Jaú/SP,LGG,15.04,5
Franca/SP,LGG,10.46,3
Franca/SP,LGG,8.24,4
Franca/SP,LGG,13.95,3
Franca/SP,LGG,13.71,5
São Paulo/SP,LGG,9.84,2
São Paulo/SP,LGG,8.11,3
São Paulo/SP,LGG,15.02,2
São Paulo/SP,LGG,12.63,4
Campinas/SP,LGG,13.23,2
Campinas/SP,LGG,9.06,3
Campinas/SP,LGG,18.58,2
Campinas/SP,LGG,15.66,4
Rio de Janeiro/RJ,LGG,11.25,6
Rio de Janeiro/RJ,LGG,8.89,7
Rio de Janeiro/RJ,LGG,18.87,6
Louveira/SP,LGG,10.31,3
Louveira/SP,LGG,13.76,3
Louveira/SP,LGG,13.6,5
Contagem/MG,LGG,14.81,3
Contagem/MG,LGG,11.93,4
Contagem/MG,LGG,21.85,3
Contagem/MG,LGG,17.51,4
Bauru/SP,LGG,15.08,3
Bauru/SP,LGG,10.35,4
Bauru/SP,LGG,21.24,3
Bauru/SP,LGG,17.41,5
São Paulo/SP,LGG,11.99,2
São Paulo/SP,LGG,9.33,3
São Paulo/SP,LGG,17.25,2
São Paulo/SP,LGG,14.68,4
São José dos Pinhais/PR,LGG,14.85,3
São José dos Pinhais/PR,LGG,7.75,4
São José dos Pinhais/PR,LGG,19.89,1
São José dos Pinhais/PR,LGG,16.38,5
Belo Horizonte/MG,LGG,16.99,3
Belo Horizonte/MG,LGG,11.67,4
Belo Horizonte/MG,LGG,21.76,3
Belo Horizonte/MG,LGG,18.2,4
Campinas/SP,LGG,15.08,2
Campinas/SP,LGG,10.06,3
Campinas/SP,LGG,21.24,2
Campinas/SP,LGG,17.41,4
Bragança Paulista/SP,LGG,13.13,3
Bragança Paulista/SP,LGG,9.05,4
Bragança Paulista/SP,LGG,19.61,3
Bragança Paulista/SP,LGG,15.58,5
Mineiros/GO,LGG,47.64,7
Mineiros/GO,LGG,42.61,10
Rio de Janeiro/RJ,LGG,19.52,3
Rio de Janeiro/RJ,LGG,13.48,4
Rio de Janeiro/RJ,LGG,27.82,3
Rio de Janeiro/RJ,LGG,20.71,2
Porto Ferreira/SP,LGG,20.49,3
Porto Ferreira/SP,LGG,12.64,4
Porto Ferreira/SP,LGG,30.82,3
Porto Ferreira/SP,LGG,22.12,5
Bauru/SP,LGG,11.35,3
Bauru/SP,LGG,9.3,4
Bauru/SP,LGG,16.67,3
Bauru/SP,LGG,14.77,5
Pedreira/SP,LGG,13.13,4
Pedreira/SP,LGG,9.05,5
Pedreira/SP,LGG,20.28,6
Pedreira/SP,LGG,15.58,5
São Paulo/SP,LGG,8.16,2
São Paulo/SP,LGG,6.89,3
São Paulo/SP,LGG,12.68,2
São Paulo/SP,LGG,11.52,4
Guarulhos/SP,LGG,16.88,2
Guarulhos/SP,LGG,10.12,3
Guarulhos/SP,LGG,22.77,2
Guarulhos/SP,LGG,19.16,4
São Paulo/SP,LGG,9.93,2
São Paulo/SP,LGG,8.18,3
São Paulo/SP,LGG,15.14,2
São Paulo/SP,LGG,12.7,4
Inhapim/MG,LGG,20.08,6
Inhapim/MG,LGG,13.16,7
Inhapim/MG,LGG,25.96,6
Inhapim/MG,LGG,23.73,7
Jaboticabal/SP,LGG,15.91,4
Jaboticabal/SP,LGG,10.36,5
Jaboticabal/SP,LGG,23.88,4
Jaboticabal/SP,LGG,19.28,6
Limeira/SP,LGG,15.08,3
Limeira/SP,LGG,10.06,4
Limeira/SP,LGG,22.75,3
Limeira/SP,LGG,17.41,5
Fortaleza/CE,LGG,17.6,8
Fortaleza/CE,LGG,14.04,9
Fortaleza/CE,LGG,22.06,8
Fortaleza/CE,LGG,19.84,10
São Paulo/SP,LGG,12.1,2
São Paulo/SP,LGG,9.24,4
São Paulo/SP,LGG,17.41,2
São Paulo/SP,LGG,14.78,4
Rio de Janeiro/RJ,LGG,15.96,3
Rio de Janeiro/RJ,LGG,11.36,4
Rio de Janeiro/RJ,LGG,23.2,3
Rio de Janeiro/RJ,LGG,17.49,2
Soledade de Minas/MG,LGG,56.55,6
Soledade de Minas/MG,LGG,13.09,7
Soledade de Minas/MG,LGG,26.8,8
Icém/SP,LGG,18.53,6
Icém/SP,LGG,10.18,8
Icém/SP,LGG,27.58,6
Icém/SP,LGG,21.44,8
Campinas/SP,LGG,13.23,2
Campinas/SP,LGG,9.06,3
Campinas/SP,LGG,18.58,2
Campinas/SP,LGG,15.66,4
Serra/ES,LGG,16.17,3
Serra/ES,LGG,13.3,6
Serra/ES,LGG,23.31,5
Serra/ES,LGG,18.06,5
Niterói/RJ,LGG,17.41,6
Niterói/RJ,LGG,13.48,7
Niterói/RJ,LGG,24.44,6
Niterói/RJ,LGG,18.52,6
Florianópolis/SC,LGG,19.96,4
Florianópolis/SC,LGG,9.55,4
Florianópolis/SC,LGG,17.78,3
Florianópolis/SC,LGG,21.72,5
Vespasiano/MG,LGG,19.52,3
Vespasiano/MG,LGG,11.99,5
Vespasiano/MG,LGG,24.44,4
Vespasiano/MG,LGG,22.41,5
São Paulo/SP,LGG,9.93,2
São Paulo/SP,LGG,8.18,3
São Paulo/SP,LGG,15.14,2
São Paulo/SP,LGG,12.7,4
Feira de Santana/BA,LGG,21.51,5
Feira de Santana/BA,LGG,17.81,6
Feira de Santana/BA,LGG,30.98,5
Feira de Santana/BA,LGG,22.47,7
São Paulo/SP,LGG,11.99,2
São Paulo/SP,LGG,9.23,3
São Paulo/SP,LGG,17.25,2
São Paulo/SP,LGG,14.68,4
Rio de Janeiro/RJ,LGG,15.84,3
Rio de Janeiro/RJ,LGG,11.35,4
Rio de Janeiro/RJ,LGG,23.04,3
Rio de Janeiro/RJ,LGG,17.39,2
Palhoça/SC,LGG,11.31,4
Palhoça/SC,LGG,7.02,4
Palhoça/SC,LGG,13.98,3
Palhoça/SC,LGG,13.95,5
São Paulo/SP,LGG,11.99,2
São Paulo/SP,LGG,9.31,3
São Paulo/SP,LGG,17.25,2
São Paulo/SP,LGG,14.68,4
São Miguel do Oeste/SC,LGG,31.03,6
São Miguel do Oeste/SC,LGG,15.37,7
São Miguel do Oeste/SC,LGG,29.46,6
São Miguel do Oeste/SC,LGG,33.78,8
Jundiaí/SP,LGG,15.08,2
Jundiaí/SP,LGG,10.06,3
Jundiaí/SP,LGG,21.24,2
Jundiaí/SP,LGG,17.41,4
Paranavaí/PR,LGG,19.15,5
Paranavaí/PR,LGG,9.79,3
Paranavaí/PR,LGG,22.99,4
Paranavaí/PR,LGG,20.7,6
Criciúma/SC,LGG,25.8,4
Criciúma/SC,LGG,15.3,5
Criciúma/SC,LGG,22.43,4
Criciúma/SC,LGG,27.01,6
São Paulo/SP,LGG,6.96,2
São Paulo/SP,LGG,6.69,3
São Paulo/SP,LGG,10.59,2
São Paulo/SP,LGG,10.13,4
Goiânia/GO,LGG,18.79,4
Goiânia/GO,LGG,12.51,5
Goiânia/GO,LGG,21.78,4
Goiânia/GO,LGG,16.8,6
Salvador/BA,LGG,19.7,5
Salvador/BA,LGG,17.89,6
Salvador/BA,LGG,27.13,5
Salvador/BA,LGG,22.97,7
Conchal/SP,LGG,14.79,5
Conchal/SP,LGG,10.06,6
Conchal/SP,LGG,23.73,5
Conchal/SP,LGG,18.18,7
Itumbiara/GO,LGG,57.68,5
Itumbiara/GO,LGG,16.01,6
Itumbiara/GO,LGG,25.12,5
São Paulo/SP,LGG,9.93,2
São Paulo/SP,LGG,8.18,3
São Paulo/SP,LGG,15.14,2
São Paulo/SP,LGG,12.7,4
Rio de Janeiro/RJ,LGG,12.57,3
Rio de Janeiro/RJ,LGG,8.98,4
Rio de Janeiro/RJ,LGG,15.66,3
Rio de Janeiro/RJ,LGG,14.19,2
Jundiaí/SP,LGG,15.08,2
Jundiaí/SP,LGG,10.06,3
Jundiaí/SP,LGG,21.24,2
Jundiaí/SP,LGG,17.41,4
Capinópolis/MG,LGG,19.52,5
Capinópolis/MG,LGG,14.83,8
Capinópolis/MG,LGG,26.8,6
Capinópolis/MG,LGG,22.41,7
Brasília/DF,LGG,16.7,3
Brasília/DF,LGG,12.47,4
Brasília/DF,LGG,20.22,3
Brasília/DF,LGG,19.71,5
São Paulo/SP,LGG,11.99,2
São Paulo/SP,LGG,9.23,3
São Paulo/SP,LGG,17.25,2
São Paulo/SP,LGG,14.68,4
São Paulo/SP,LGG,14.5,2
São Paulo/SP,LGG,9.29,3
São Paulo/SP,LGG,20.85,2
São Paulo/SP,LGG,17.13,4
Brasília/DF,LGG,21.87,3
Brasília/DF,LGG,15.66,4
Brasília/DF,LGG,28.16,3
Brasília/DF,LGG,25.33,5
São Paulo/SP,LGG,11.99,2
São Paulo/SP,LGG,9.23,3
São Paulo/SP,LGG,17.25,2
São Paulo/SP,LGG,14.68,4
Ribeirão Preto/SP,LGG,15.59,2
Ribeirão Preto/SP,LGG,10.44,3
Ribeirão Preto/SP,LGG,23.82,2
Ribeirão Preto/SP,LGG,18.82,4
Recife/PE,LGG,21.75,6
Recife/PE,LGG,16.32,7
Recife/PE,LGG,25.22,6
Recife/PE,LGG,25.23,8
São Paulo/SP,LGG,9.84,2
São Paulo/SP,LGG,8.17,3
São Paulo/SP,LGG,15.02,2
São Paulo/SP,LGG,12.63,4
São Paulo/SP,LGG,9.84,3
São Paulo/SP,LGG,8.15,4
São Paulo/SP,LGG,15.02,3
São Paulo/SP,LGG,12.63,5
São Paulo/SP,LGG,12.1,2
São Paulo/SP,LGG,9.24,3
São Paulo/SP,LGG,17.41,2
São Paulo/SP,LGG,14.78,4
São José do Rio Preto/SP,LGG,11.39,4
São José do Rio Preto/SP,LGG,8.28,5
São José do Rio Preto/SP,LGG,17.44,4
São José do Rio Preto/SP,LGG,15.04,6
Salvador/BA,LGG,18.95,5
Salvador/BA,LGG,17.8,6
Salvador/BA,LGG,26.12,5
Salvador/BA,LGG,22.37,7
Taquaritinga/SP,LGG,15.91,5
Taquaritinga/SP,LGG,9.42,6
Taquaritinga/SP,LGG,23.88,5
Taquaritinga/SP,LGG,19.28,7
Caldas Novas/GO,LGG,29.62,5
Caldas Novas/GO,LGG,18.34,6
Caldas Novas/GO,LGG,25.12,5
Caldas Novas/GO,LGG,30.29,7
Osasco/SP,LGG,15.2,2
Osasco/SP,LGG,10.07,3
Osasco/SP,LGG,18.17,2
Osasco/SP,LGG,17.5,4
Limeira/SP,LGG,15.08,3
Limeira/SP,LGG,10.06,4
Limeira/SP,LGG,22.75,3
Limeira/SP,LGG,17.41,5
Contagem/MG,LGG,20.37,3
Contagem/MG,LGG,13.06,4
Contagem/MG,LGG,24.44,3
Contagem/MG,LGG,19.73,4
Carpina/PE,LGG,22.96,7
Carpina/PE,LGG,14.15,8
Carpina/PE,LGG,24.56,6
Carpina/PE,LGG,25.88,9
Goiânia/GO,LGG,15.29,4
Goiânia/GO,LGG,10.38,5
Goiânia/GO,LGG,19.3,4
Goiânia/GO,LGG,15.5,6
São Paulo/SP,LGG,8.23,2
São Paulo/SP,LGG,6.76,3
São Paulo/SP,LGG,12.76,2
São Paulo/SP,LGG,11.57,4
São Paulo/SP,LGG,8.16,2
São Paulo/SP,LGG,6.76,3
São Paulo/SP,LGG,12.68,2
São Paulo/SP,LGG,11.52,4
Torrinha/SP,LGG,12.27,6
Torrinha/SP,LGG,17.82,6
Torrinha/SP,LGG,15.96,8
São José do Rio Preto/SP,LGG,11.46,4
São José do Rio Preto/SP,LGG,8.28,5
São José do Rio Preto/SP,LGG,17.53,4
São José do Rio Preto/SP,LGG,15.09,6
Campina Grande/PB,LGG,22.86,7
Campina Grande/PB,LGG,14.94,8
Campina Grande/PB,LGG,25.38,7
Campina Grande/PB,LGG,26.33,9
Salvador/BA,LGG,15.09,5
Salvador/BA,LGG,14.17,6
Salvador/BA,LGG,21.67,5
Salvador/BA,LGG,18.68,7
Itapira/SP,LGG,11.39,3
Itapira/SP,LGG,7.68,4
Itapira/SP,LGG,17.44,3
Itapira/SP,LGG,15.04,5
Uberlândia/MG,LGG,14.67,3
Uberlândia/MG,LGG,10.67,4
Uberlândia/MG,LGG,19.29,3
Uberlândia/MG,LGG,18.22,5
Jales/SP,LGG,14.05,4
Jales/SP,LGG,8.11,5
Jales/SP,LGG,17.82,4
Jales/SP,LGG,17.84,6
São Paulo/SP,LGG,8.23,2
São Paulo/SP,LGG,7.09,3
São Paulo/SP,LGG,12.76,2
São Paulo/SP,LGG,11.57,4
São Paulo/SP,LGG,6.96,2
São Paulo/SP,LGG,6.82,3
São Paulo/SP,LGG,10.59,2
São Paulo/SP,LGG,10.13,4
Piranga/MG,LGG,14.81,7
Piranga/MG,LGG,16.5,7
Piranga/MG,LGG,18.92,8
Curitiba/PR,LGG,11.05,3
Curitiba/PR,LGG,7.64,4
Curitiba/PR,LGG,12.23,1
Curitiba/PR,LGG,14.06,5
Teresópolis/RJ,LGG,14.86,3
Teresópolis/RJ,LGG,12.1,4
Teresópolis/RJ,LGG,22.45,3
Teresópolis/RJ,LGG,18.02,3
São Paulo/SP,LGG,9.84,2
São Paulo/SP,LGG,8.17,3
São Paulo/SP,LGG,15.02,2
São Paulo/SP,LGG,12.63,4
São Paulo/SP,LGG,8.16,2
São Paulo/SP,LGG,8.09,3
São Paulo/SP,LGG,12.68,2
São Paulo/SP,LGG,11.52,4
São Paulo/SP,LGG,8.23,2
São Paulo/SP,LGG,7.09,3
São Paulo/SP,LGG,12.76,2
São Paulo/SP,LGG,11.57,4
São Paulo/SP,LGG,8.16,2
São Paulo/SP,LGG,6.76,4
São Paulo/SP,LGG,12.68,2
São Paulo/SP,LGG,11.52,4
São Vicente/SP,LGG,11.29,3
São Vicente/SP,LGG,7.55,3
São Vicente/SP,LGG,17.44,2
São Vicente/SP,LGG,14.72,4
Campinas/SP,LGG,11.29,2
Campinas/SP,LGG,7.68,3
Campinas/SP,LGG,16.59,2
Campinas/SP,LGG,14.72,4
Porto Alegre/RS,LGG,14.88,3
Porto Alegre/RS,LGG,7.71,4
Porto Alegre/RS,LGG,13.9,3
Porto Alegre/RS,LGG,19.62,5
Canoas/RS,LGG,13.43,3
Canoas/RS,LGG,7.71,5
Canoas/RS,LGG,16.39,4
Canoas/RS,LGG,15.35,6
São Paulo/SP,LGG,6.96,2
São Paulo/SP,LGG,6.82,3
São Paulo/SP,LGG,10.59,2
São Paulo/SP,LGG,10.13,4
Petrópolis/RJ,LGG,17.94,3
Petrópolis/RJ,LGG,13.5,4
Petrópolis/RJ,LGG,22.67,3
Petrópolis/RJ,LGG,19.78,3
São Paulo/SP,LGG,8.16,2
São Paulo/SP,LGG,6.76,3
São Paulo/SP,LGG,12.68,2
São Paulo/SP,LGG,11.52,4
Belo Horizonte/MG,LGG,11.85,3
Belo Horizonte/MG,LGG,8.31,4
Belo Horizonte/MG,LGG,14.88,3
Belo Horizonte/MG,LGG,14.23,4
Campos dos Goytacazes/RJ,LGG,13.21,5
Campos dos Goytacazes/RJ,LGG,12.07,6
Campos dos Goytacazes/RJ,LGG,22.45,5
Campos dos Goytacazes/RJ,LGG,14.97,5
Resende/RJ,LGG,13.21,4
Resende/RJ,LGG,12.1,5
Resende/RJ,LGG,22.45,4
Resende/RJ,LGG,14.97,4
Iracemápolis/SP,LGG,10.92,5
Iracemápolis/SP,LGG,7.61,6
Iracemápolis/SP,LGG,14.78,5
Iracemápolis/SP,LGG,14.75,7
Guarulhos/SP,LGG,13.13,2
Guarulhos/SP,LGG,9.05,3
Guarulhos/SP,LGG,15.81,2
Guarulhos/SP,LGG,15.58,4
Rio de Janeiro/RJ,LGG,12.64,3
Rio de Janeiro/RJ,LGG,8.98,4
Rio de Janeiro/RJ,LGG,15.75,3
Rio de Janeiro/RJ,LGG,14.24,2
São Paulo/SP,LGG,8.16,2
São Paulo/SP,LGG,6.76,3
São Paulo/SP,LGG,12.68,2
São Paulo/SP,LGG,11.52,4
Itaúna/MG,LGG,14.78,4
Itaúna/MG,LGG,10.3,5
Itaúna/MG,LGG,16.45,4
Itaúna/MG,LGG,18.89,5
Presidente Venceslau/SP,LGG,18.26,5
Presidente Venceslau/SP,LGG,23.88,5
Presidente Venceslau/SP,LGG,21.88,7
Porto Alegre/RS,LGG,14.94,3
Porto Alegre/RS,LGG,13.74,4
Porto Alegre/RS,LGG,13.99,3
Porto Alegre/RS,LGG,19.67,5
São Paulo/SP,LGG,8.23,2
São Paulo/SP,LGG,6.76,3
São Paulo/SP,LGG,12.76,2
São Paulo/SP,LGG,11.57,4
Cachoeira Paulista/SP,LGG,12.39,5
Cachoeira Paulista/SP,LGG,7.61,6
Cachoeira Paulista/SP,LGG,14.78,5
Cachoeira Paulista/SP,LGG,16.38,7
Goiânia/GO,LGG,18.79,4
Goiânia/GO,LGG,12.51,5
Goiânia/GO,LGG,21.78,4
Goiânia/GO,LGG,16.8,6
Monte Aprazível/SP,LGG,12.33,6
Monte Aprazível/SP,LGG,8.11,7
Monte Aprazível/SP,LGG,17.91,6
Monte Aprazível/SP,LGG,16.01,8
Sete Lagoas/MG,LGG,14.67,3
Sete Lagoas/MG,LGG,10.37,4
Sete Lagoas/MG,LGG,19.29,3
Sete Lagoas/MG,LGG,18.22,4
Sete Lagoas/MG,LGG,19.41,3
Sete Lagoas/MG,LGG,13.05,4
Sete Lagoas/MG,LGG,24.28,3
Sete Lagoas/MG,LGG,22.32,4
Sete Lagoas/MG,LGG,16.38,3
Sete Lagoas/MG,LGG,11.93,4
Sete Lagoas/MG,LGG,21.85,3
Sete Lagoas/MG,LGG,19.67,4
Cachoeiro de Itapemirim/ES,LGG,19.64,4
Cachoeiro de Itapemirim/ES,LGG,13.47,6
Cachoeiro de Itapemirim/ES,LGG,19.92,5
Cachoeiro de Itapemirim/ES,LGG,21.64,6
Crato/CE,LGG,38.84,8
Crato/CE,LGG,18.13,9
Crato/CE,LGG,29.6,8
Crato/CE,LGG,41.58,10
Mundo Novo/MS,LGG,135.55,9
Mundo Novo/MS,LGG,140.23,10
Rio de Janeiro/RJ,LGG,15.96,3
Rio de Janeiro/RJ,LGG,12.04,4
Rio de Janeiro/RJ,LGG,27.47,3
Rio de Janeiro/RJ,LGG,17.49,2
Santarém/PA,LGG,169.54,12
Santarém/PA,LGG,22.01,13
Santarém/PA,LGG,59.07,15
Pirapora do Bom Jesus/SP,LGG,15.2,3
Pirapora do Bom Jesus/SP,LGG,10.07,7
Pirapora do Bom Jesus/SP,LGG,23.88,3
Pirapora do Bom Jesus/SP,LGG,17.5,5
Jaraguá/GO,LGG,20.44,6
Jaraguá/GO,LGG,13.93,7
Jaraguá/GO,LGG,20.26,7
Jaraguá/GO,LGG,23.91,8
Trairão/PA,LGG,182.41,20
Trairão/PA,LGG,157.47,30
Itabirito/MG,LGG,25.87,5
Itabirito/MG,LGG,20.05,7
Itabirito/MG,LGG,36.26,6
Itabirito/MG,LGG,27.58,7
Diamantina/MG,LGG,27.45,7
Diamantina/MG,LGG,17.1,7
Diamantina/MG,LGG,35.04,6
Diamantina/MG,LGG,30.66,8
Brasilândia de Minas/MG,LGG,65.39,7
Brasilândia de Minas/MG,LGG,27.18,9
Brasilândia de Minas/MG,LGG,62.58,8
Paracatu/MG,LGG,13.04,5
Paracatu/MG,LGG,10.6,5
Paracatu/MG,LGG,33.92,4
Paracatu/MG,LGG,16.58,7
Brasília/DF,LGG,18.55,4
Brasília/DF,LGG,13.95,5
Brasília/DF,LGG,24.41,4
Brasília/DF,LGG,22.28,6
Medina/MG,LGG,21.42,7
Medina/MG,LGG,26.8,11
Medina/MG,LGG,25.57,8
Campo Grande/MS,LGG,23.43,5
Campo Grande/MS,LGG,16.96,6
Campo Grande/MS,LGG,25.59,7
Campo Grande/MS,LGG,26.13,8
Paulistana/PI,LGG,94.82,14
Paulistana/PI,LGG,71.65,14
Macapá/AP,LGG,80.62,12
Macapá/AP,LGG,43.08,13
Macapá/AP,LGG,52.79,12
Macapá/AP,LGG,96.64,14
Cascavel/PR,LGG,16.65,4
Cascavel/PR,LGG,10.77,3
Cascavel/PR,LGG,17.48,4
Cascavel/PR,LGG,18.09,6
Guanhães/MG,LGG,16.58,6
Guanhães/MG,LGG,10.37,7
Guanhães/MG,LGG,21.4,6
Guanhães/MG,LGG,20.8,7
Elísio Medrado/BA,LGG,19.15,9
Elísio Medrado/BA,LGG,16.07,9
Elísio Medrado/BA,LGG,33.36,9
Elísio Medrado/BA,LGG,19.59,11
Parambu/CE,LGG,72.28,11
Parambu/CE,LGG,50.72,14
Congonhas/MG,LGG,24.17,4
Congonhas/MG,LGG,14.45,5
Congonhas/MG,LGG,31.05,4
Congonhas/MG,LGG,26.24,5
Quatro Bocas/PA,LGG,169.54,10
Quatro Bocas/PA,LGG,123.37,13
Viçosa do Ceará/CE,LGG,59.62,12
Viçosa do Ceará/CE,LGG,45.01,12
Sobral/CE,LGG,50.45,9
Sobral/CE,LGG,19.84,10
Sobral/CE,LGG,39.92,9
Sobral/CE,LGG,51.47,11
Palhoça/SC,LGG,16.49,3
Palhoça/SC,LGG,9.52,4
Palhoça/SC,LGG,21.26,3
Palhoça/SC,LGG,19.96,5
Santa Maria Madalena/RJ,LGG,62.93,6
Santa Maria Madalena/RJ,LGG,16.65,7
Santa Maria Madalena/RJ,LGG,34.57,6
Unaí/MG,LGG,61.38,4
Unaí/MG,LGG,15.88,6
Unaí/MG,LGG,30.64,5
Medeiros Neto/BA,LGG,37.99,8
Medeiros Neto/BA,LGG,20.07,10
Medeiros Neto/BA,LGG,40.81,9
Medeiros Neto/BA,LGG,38.01,10
Montes Claros/MG,LGG,16.65,4
Montes Claros/MG,LGG,13.15,5
Montes Claros/MG,LGG,21.49,4
Montes Claros/MG,LGG,20.85,5
Vargem Grande do Sul/SP,LGG,14.08,4
Vargem Grande do Sul/SP,LGG,9.06,5
Vargem Grande do Sul/SP,LGG,20.41,4
Vargem Grande do Sul/SP,LGG,17.38,6
Campo Grande/MS,LGG,23.54,5
Campo Grande/MS,LGG,16.97,6
Campo Grande/MS,LGG,25.74,7
Campo Grande/MS,LGG,26.22,8
Boa Vista/RR,LGG,162.04,15
Boa Vista/RR,LGG,35.4,13
Boa Vista/RR,LGG,40.69,16
Boa Vista/RR,LGG,159.2,18
Itiquira/MT,LGG,146.57,12
Itiquira/MT,LGG,108.81,17
Vitória/ES,LGG,16.17,3
Vitória/ES,LGG,13.03,5
Vitória/ES,LGG,23.31,4
Vitória/ES,LGG,18.06,5
Lima Duarte/MG,LGG,23.99,6
Lima Duarte/MG,LGG,19.35,7
Lima Duarte/MG,LGG,30.51,6
Lima Duarte/MG,LGG,26.51,6
Unaí/MG,LGG,47.66,4
Unaí/MG,LGG,13.22,6
Unaí/MG,LGG,24.25,5
Altamira/PA,LGG,169.43,20
Altamira/PA,LGG,123.22,17
Nerópolis/GO,LGG,32.28,7
Nerópolis/GO,LGG,15.89,8
Nerópolis/GO,LGG,23.81,8
Nerópolis/GO,LGG,35.23,9
Cuiabá/MT,LGG,27.17,6
Cuiabá/MT,LGG,17.45,7
Cuiabá/MT,LGG,26.43,7
Cuiabá/MT,LGG,29.59,11
Saquarema/RJ,LGG,20.77,5
Saquarema/RJ,LGG,13.54,6
Saquarema/RJ,LGG,48.97,5
Saquarema/RJ,LGG,22,5
Novo Repartimento/PA,LGG,169.54,14
Novo Repartimento/PA,LGG,59.07,14
São João do Rio do Peixe/PB,LGG,133.05,15
São João do Rio do Peixe/PB,LGG,92.18,15
Cachoeira Alta/GO,LGG,47.64,7
Cachoeira Alta/GO,LGG,42.61,10
Cuiabá/MT,LGG,27.28,6
Cuiabá/MT,LGG,16.15,7
Cuiabá/MT,LGG,26.58,7
Cuiabá/MT,LGG,29.68,11
Salto de Pirapora/SP,LGG,13.13,5
Salto de Pirapora/SP,LGG,9.05,6
Salto de Pirapora/SP,LGG,20.28,5
Salto de Pirapora/SP,LGG,15.58,7
Blumenau/SC,LGG,13.12,2
Blumenau/SC,LGG,8.17,5
Blumenau/SC,LGG,16.19,4
Blumenau/SC,LGG,15.27,6
São Paulo/SP,LGG,9.93,2
São Paulo/SP,LGG,8.12,3
São Paulo/SP,LGG,15.14,2
São Paulo/SP,LGG,12.7,4
Ribeirão Preto/SP,LGG,18.7,2
Ribeirão Preto/SP,LGG,12.63,3
Ribeirão Preto/SP,LGG,28.53,2
Ribeirão Preto/SP,LGG,21.4,4
Nerópolis/GO,LGG,24.91,7
Nerópolis/GO,LGG,13.93,8
Nerópolis/GO,LGG,20.35,8
Nerópolis/GO,LGG,27.95,9
Mafra/SC,LGG,11.31,4
Mafra/SC,LGG,8.11,5
Mafra/SC,LGG,13.98,4
Mafra/SC,LGG,13.95,6
Santo André/SP,LGG,11.4,2
Santo André/SP,LGG,8.75,3
Santo André/SP,LGG,15.94,2
Santo André/SP,LGG,14.3,4
Blumenau/SC,LGG,14.81,2
Blumenau/SC,LGG,8.22,5
Blumenau/SC,LGG,18.61,4
Blumenau/SC,LGG,17.2,6
Rio do Sul/SC,LGG,23.25,2
Rio do Sul/SC,LGG,8.18,6
Rio do Sul/SC,LGG,16.32,4
Rio do Sul/SC,LGG,26.16,6
Juazeiro do Norte/CE,LGG,49.93,8
Juazeiro do Norte/CE,LGG,18.21,9
Juazeiro do Norte/CE,LGG,35.47,8
Juazeiro do Norte/CE,LGG,51.05,10
Jequié/BA,LGG,19.15,9
Jequié/BA,LGG,16.07,10
Jequié/BA,LGG,43.25,9
Jequié/BA,LGG,19.59,11
Linhares/ES,LGG,22.35,4
Linhares/ES,LGG,13.04,6
Linhares/ES,LGG,25.15,5
Linhares/ES,LGG,24.14,6
Vera/MT,LGG,112.24,12
Vera/MT,LGG,89.96,24
Foz do Iguaçu/PR,LGG,16.65,4
Foz do Iguaçu/PR,LGG,10.77,3
Foz do Iguaçu/PR,LGG,17.48,4
Foz do Iguaçu/PR,LGG,18.09,6
Crateús/CE,LGG,72.89,13
Crateús/CE,LGG,51.54,13
Canavieiras/BA,LGG,21.51,10
Canavieiras/BA,LGG,49,10
Canavieiras/BA,LGG,22.47,12
Nova Veneza/GO,LGG,33.36,6
Nova Veneza/GO,LGG,18.35,7
Nova Veneza/GO,LGG,28.48,7
Nova Veneza/GO,LGG,36.08,8
Caetanópolis/MG,LGG,13.04,4
Caetanópolis/MG,LGG,10.3,5
Caetanópolis/MG,LGG,18.42,4
Caetanópolis/MG,LGG,16.58,5
Montes Claros/MG,LGG,18.81,4
Montes Claros/MG,LGG,13.22,5
Montes Claros/MG,LGG,24.25,4
Montes Claros/MG,LGG,22.72,5
São José/SC,LGG,14.81,3
São José/SC,LGG,9.55,4
São José/SC,LGG,18.61,3
São José/SC,LGG,17.2,5
Cachoeiro de Itapemirim/ES,LGG,24,4
Cachoeiro de Itapemirim/ES,LGG,14.89,6
Cachoeiro de Itapemirim/ES,LGG,25,5
Cachoeiro de Itapemirim/ES,LGG,25.56,6
Nova Crixás/GO,LGG,67.07,10
Nova Crixás/GO,LGG,72.16,10
São José/SC,LGG,18.2,3
São José/SC,LGG,12.12,4
São José/SC,LGG,23.57,3
São José/SC,LGG,21.24,5
Rio das Flores/RJ,LGG,22.39,6
Rio das Flores/RJ,LGG,15.01,7
Rio das Flores/RJ,LGG,28.46,6
Rio das Flores/RJ,LGG,24.38,6
Itanhomi/MG,LGG,47.57,7
Itanhomi/MG,LGG,11.93,8
Itanhomi/MG,LGG,24.12,7
Frei Lagonegro/MG,LGG,46,6
Frei Lagonegro/MG,LGG,29.17,7
Frei Lagonegro/MG,LGG,38.53,6
Extrema/MG,LGG,20.37,5
Extrema/MG,LGG,13.09,6
Extrema/MG,LGG,24.44,5
Extrema/MG,LGG,19.73,7
Janaúba/MG,LGG,21.31,6
Janaúba/MG,LGG,14.82,7
Janaúba/MG,LGG,26.65,6
Janaúba/MG,LGG,25.48,7
São José dos Campos/SP,LGG,11.31,2
São José dos Campos/SP,LGG,9.05,3
São José dos Campos/SP,LGG,18.45,2
São José dos Campos/SP,LGG,14.23,4
Balneário Barra do Sul/SC,LGG,63.7,6
Balneário Barra do Sul/SC,LGG,43.54,10
Cuiabá/MT,LGG,27.17,6
Cuiabá/MT,LGG,17.45,7
Cuiabá/MT,LGG,26.43,7
Cuiabá/MT,LGG,29.59,11
Campo Grande/MS,LGG,21.02,5
Campo Grande/MS,LGG,15.06,6
Campo Grande/MS,LGG,23.13,7
Campo Grande/MS,LGG,22.29,8
Mata de São João/BA,LGG,32.44,7
Mata de São João/BA,LGG,17.81,8
Mata de São João/BA,LGG,36.45,7
Mata de São João/BA,LGG,34.26,9
Barra do Corda/MA,LGG,101.2,16
Barra do Corda/MA,LGG,75.15,18
Duque de Caxias/RJ,LGG,46.92,6
Duque de Caxias/RJ,LGG,11.17,7
Duque de Caxias/RJ,LGG,37.98,6
Arcoverde/PE,LGG,29.67,8
Arcoverde/PE,LGG,17.15,9
Arcoverde/PE,LGG,29.43,8
Arcoverde/PE,LGG,31.57,10
Barbacena/MG,LGG,21.31,4
Barbacena/MG,LGG,13.05,5
Barbacena/MG,LGG,24.28,4
Barbacena/MG,LGG,25.48,5
Pedro II/PI,LGG,133.16,12
Pedro II/PI,LGG,92.33,12
Bonito/MS,LGG,84.68,9
Bonito/MS,LGG,74.25,10
Medeiros Neto/BA,LGG,28.74,8
Medeiros Neto/BA,LGG,16.08,10
Medeiros Neto/BA,LGG,33.48,9
Medeiros Neto/BA,LGG,30.35,10
Sinop/MT,LGG,49.02,10
Sinop/MT,LGG,16.1,9
Sinop/MT,LGG,28,9
Sinop/MT,LGG,44.35,15
Paraopeba/MG,LGG,19.41,4
Paraopeba/MG,LGG,13.05,5
Paraopeba/MG,LGG,24.28,4
Paraopeba/MG,LGG,22.32,5
Ipu/CE,LGG,59.62,12
Ipu/CE,LGG,45.01,12
Nova Iguaçu/RJ,LGG,14.86,3
Nova Iguaçu/RJ,LGG,12.58,4
Nova Iguaçu/RJ,LGG,22.45,3
Nova Iguaçu/RJ,LGG,18.02,3
Araruama/RJ,LGG,17.41,4
Araruama/RJ,LGG,13.47,6
Araruama/RJ,LGG,27.47,5
Araruama/RJ,LGG,18.52,4
Sete Lagoas/MG,LGG,19.52,3
Sete Lagoas/MG,LGG,13.06,4
Sete Lagoas/MG,LGG,24.44,3
Sete Lagoas/MG,LGG,22.41,4
Anaurilândia/MS,LGG,119.62,9
Anaurilândia/MS,LGG,97.41,10
Santa Izabel do Pará/PA,LGG,169.43,11
Santa Izabel do Pará/PA,LGG,22,13
Santa Izabel do Pará/PA,LGG,38.36,11
Campo Grande/MS,LGG,23.43,5
Campo Grande/MS,LGG,16.96,6
Campo Grande/MS,LGG,25.59,7
Campo Grande/MS,LGG,26.13,8
Água Boa/MG,LGG,22.8,7
Água Boa/MG,LGG,50.38,10
Água Boa/MG,LGG,25.57,8
Barra do Garças/MT,LGG,147.57,6
Barra do Garças/MT,LGG,22.77,7
Barra do Garças/MT,LGG,32.3,6
Jaraguá/GO,LGG,29.62,6
Jaraguá/GO,LGG,18.34,7
Jaraguá/GO,LGG,25.12,7
Jaraguá/GO,LGG,30.29,8
Campo Grande/MS,LGG,21.02,5
Campo Grande/MS,LGG,15.06,6
Campo Grande/MS,LGG,23.13,7
Campo Grande/MS,LGG,22.29,8
Conceição do Mato Dentro/MG,LGG,56.43,7
Conceição do Mato Dentro/MG,LGG,45.6,8
Regeneração/PI,LGG,101.21,14
Regeneração/PI,LGG,75.16,14
Exu/PE,LGG,64.82,11
Exu/PE,LGG,22.14,10
Exu/PE,LGG,48.47,11
Rondonópolis/MT,LGG,146.46,9
Rondonópolis/MT,LGG,17.45,7
Rondonópolis/MT,LGG,30.81,6
Barreiras/BA,LGG,26.2,8
Barreiras/BA,LGG,20.07,7
Barreiras/BA,LGG,40.81,8
Barreiras/BA,LGG,27.48,10
Governador Valadares/MG,LGG,16.58,4
Governador Valadares/MG,LGG,13.15,5
Governador Valadares/MG,LGG,19.29,4
Governador Valadares/MG,LGG,20.8,5
Itamarandiba/MG,LGG,46,7
Itamarandiba/MG,LGG,13.15,8
Itamarandiba/MG,LGG,38.53,7
Anápolis/GO,LGG,15.29,4
Anápolis/GO,LGG,13.86,5
Anápolis/GO,LGG,16.58,5
Anápolis/GO,LGG,18.6,6
Curitiba/PR,LGG,27.33,3
Curitiba/PR,LGG,12.66,4
Curitiba/PR,LGG,29.49,1
Curitiba/PR,LGG,27.73,5
São Paulo/SP,LGG,6.96,2
São Paulo/SP,LGG,6.69,3
São Paulo/SP,LGG,10.59,2
São Paulo/SP,LGG,10.13,4
São Paulo/SP,LGG,12.1,2
São Paulo/SP,LGG,9.34,3
São Paulo/SP,LGG,18.17,2
São Paulo/SP,LGG,14.78,4
Manaus/AM,LGG,96.83,9
Manaus/AM,LGG,21.78,14
Manaus/AM,LGG,40.38,13
Manaus/AM,LGG,79.72,13
Fortaleza/CE,LGG,34.24,8
Fortaleza/CE,LGG,18.19,9
Fortaleza/CE,LGG,32.62,8
Fortaleza/CE,LGG,34.05,10
Mairiporã/SP,LGG,15.2,3
Mairiporã/SP,LGG,10.07,4
Mairiporã/SP,LGG,23.88,3
Mairiporã/SP,LGG,17.5,5
São Bernardo do Campo/SP,LGG,15.01,2
São Bernardo do Campo/SP,LGG,10.14,3
São Bernardo do Campo/SP,LGG,22.97,2
São Bernardo do Campo/SP,LGG,17.74,4
Fazenda Rio Grande/PR,LGG,14.85,4
Fazenda Rio Grande/PR,LGG,8.54,5
Fazenda Rio Grande/PR,LGG,22.99,2
Fazenda Rio Grande/PR,LGG,16.38,6
São Paulo/SP,LGG,8.23,2
São Paulo/SP,LGG,7.09,3
São Paulo/SP,LGG,12.76,2
São Paulo/SP,LGG,11.57,4
Joinville/SC,LGG,20.09,1
Joinville/SC,LGG,9.56,4
Joinville/SC,LGG,18.78,3
Joinville/SC,LGG,21.81,5
Guarulhos/SP,LGG,13.8,2
Guarulhos/SP,LGG,10.09,3
Guarulhos/SP,LGG,16.7,2
Guarulhos/SP,LGG,16.1,4
José Bonifácio/SP,LGG,13.99,6
José Bonifácio/SP,LGG,9.36,7
José Bonifácio/SP,LGG,20.28,6
José Bonifácio/SP,LGG,17.31,8
São Paulo/SP,LGG,9.93,3
São Paulo/SP,LGG,8.03,4
São Paulo/SP,LGG,15.14,3
São Paulo/SP,LGG,12.7,5
Itupeva/SP,LGG,19.73,3
Itupeva/SP,LGG,12.28,4
Itupeva/SP,LGG,29.26,3
Itupeva/SP,LGG,21.52,5
São Paulo/SP,LGG,9.84,3
São Paulo/SP,LGG,8.11,4
São Paulo/SP,LGG,15.81,3
São Paulo/SP,LGG,12.63,5
Osasco/SP,LGG,13.23,2
Osasco/SP,LGG,8.75,3
Osasco/SP,LGG,15.94,2
Osasco/SP,LGG,15.66,4
Rio de Janeiro/RJ,LGG,12.57,3
Rio de Janeiro/RJ,LGG,8.98,4
Rio de Janeiro/RJ,LGG,15.66,3
Rio de Janeiro/RJ,LGG,14.19,2
Americana/SP,LGG,15.08,3
Americana/SP,LGG,10.06,4
Americana/SP,LGG,22.75,3
Americana/SP,LGG,17.41,5
Guaramirim/SC,LGG,17.36,4
Guaramirim/SC,LGG,9.61,5
Guaramirim/SC,LGG,22.43,6
Guaramirim/SC,LGG,20.61,8
Tatuí/SP,LGG,14.05,3
Tatuí/SP,LGG,7.68,4
Tatuí/SP,LGG,17.44,3
Tatuí/SP,LGG,17.84,5
Bocaiúva/MG,LGG,56.43,6
Bocaiúva/MG,LGG,14.82,7
Bocaiúva/MG,LGG,26.65,6
Campo Grande/MS,LGG,20.93,5
Campo Grande/MS,LGG,15.05,6
Campo Grande/MS,LGG,23.01,7
Campo Grande/MS,LGG,22.22,8
São Paulo/SP,LGG,11.99,2
São Paulo/SP,LGG,9.33,3
São Paulo/SP,LGG,18.01,2
São Paulo/SP,LGG,14.68,4
São Paulo/SP,LGG,8.16,2
São Paulo/SP,LGG,6.89,3
São Paulo/SP,LGG,13.06,2
São Paulo/SP,LGG,11.52,4
São Paulo/SP,LGG,8.23,2
São Paulo/SP,LGG,6.76,3
São Paulo/SP,LGG,12.76,2
São Paulo/SP,LGG,11.57,4
Manaus/AM,LGG,38.93,9
Manaus/AM,LGG,19.23,14
Manaus/AM,LGG,24,13
Manaus/AM,LGG,44.3,13
São Paulo/SP,LGG,8.23,3
São Paulo/SP,LGG,6.89,4
São Paulo/SP,LGG,13.15,3
São Paulo/SP,LGG,11.57,5
São Bernardo do Campo/SP,LGG,10.19,2
São Bernardo do Campo/SP,LGG,7.68,3
São Bernardo do Campo/SP,LGG,13.15,2
São Bernardo do Campo/SP,LGG,13.68,4
Rio de Janeiro/RJ,LGG,12.64,3
Rio de Janeiro/RJ,LGG,8.96,4
Rio de Janeiro/RJ,LGG,15.75,3
Rio de Janeiro/RJ,LGG,14.24,2
Guarulhos/SP,LGG,10.28,2
Guarulhos/SP,LGG,7.61,3
Guarulhos/SP,LGG,10.75,2
Guarulhos/SP,LGG,13.57,4
Diadema/SP,LGG,10.13,2
Diadema/SP,LGG,8.68,3
Diadema/SP,LGG,13.06,2
Diadema/SP,LGG,13.63,4
Caieiras/SP,LGG,10.13,3
Caieiras/SP,LGG,8.68,4
Caieiras/SP,LGG,13.06,3
Caieiras/SP,LGG,13.63,5
Cajamar/SP,LGG,9.21,2
Cajamar/SP,LGG,7.49,3
Cajamar/SP,LGG,10.8,2
Cajamar/SP,LGG,12.94,4
Itapevi/SP,LGG,10.26,3
Itapevi/SP,LGG,7.48,4
Itapevi/SP,LGG,13.71,3
Itapevi/SP,LGG,13.91,5
São Paulo/SP,LGG,8.16,2
São Paulo/SP,LGG,7.09,3
São Paulo/SP,LGG,12.68,2
São Paulo/SP,LGG,11.52,4
Santos/SP,LGG,10.26,2
Santos/SP,LGG,15.83,3
Santos/SP,LGG,12.28,2
Santos/SP,LGG,13.91,4
São Paulo/SP,LGG,8.16,2
São Paulo/SP,LGG,8.11,3
São Paulo/SP,LGG,12.68,2
São Paulo/SP,LGG,11.52,4
Mauá/SP,LGG,11.35,2
Mauá/SP,LGG,8.68,3
Mauá/SP,LGG,13.15,2
Mauá/SP,LGG,14.77,4
Curitiba/PR,LGG,11.05,3
Curitiba/PR,LGG,6.87,4
Curitiba/PR,LGG,12.23,1
Curitiba/PR,LGG,14.06,5
Osasco/SP,LGG,11.35,2
Osasco/SP,LGG,8.68,3
Osasco/SP,LGG,13.15,2
Osasco/SP,LGG,14.77,4
Osasco/SP,LGG,11.35,2
Osasco/SP,LGG,8.68,3
Osasco/SP,LGG,13.15,2
Osasco/SP,LGG,14.77,4
São Carlos/SP,LGG,11.39,3
São Carlos/SP,LGG,8.28,4
São Carlos/SP,LGG,17.44,3
São Carlos/SP,LGG,15.04,5
Joinville/SC,LGG,13.71,1
Joinville/SC,LGG,6.95,4
Joinville/SC,LGG,11.27,3
Joinville/SC,LGG,16.1,5
São Bernardo do Campo/SP,LGG,10.13,2
São Bernardo do Campo/SP,LGG,8.99,3
São Bernardo do Campo/SP,LGG,13.06,2
São Bernardo do Campo/SP,LGG,13.63,4
São Luís/MA,LGG,31.22,10
São Luís/MA,LGG,16.16,12
São Luís/MA,LGG,20.9,10
São Luís/MA,LGG,33.98,12
São Gonçalo/RJ,LGG,46.86,6
São Gonçalo/RJ,LGG,11.17,7
São Gonçalo/RJ,LGG,37.89,6
Quixadá/CE,LGG,28.13,12
Quixadá/CE,LGG,14.04,10
Quixadá/CE,LGG,25.33,12
Quixadá/CE,LGG,30.61,14
Piracicaba/SP,LGG,12.27,2
Piracicaba/SP,LGG,8.99,3
Piracicaba/SP,LGG,16.59,2
Piracicaba/SP,LGG,15.96,4
Franco da Rocha/SP,LGG,10.78,3
Franco da Rocha/SP,LGG,8.75,4
Franco da Rocha/SP,LGG,18.7,3
Franco da Rocha/SP,LGG,14.14,5
Curitiba/PR,LGG,9.58,3
Curitiba/PR,LGG,6.8,4
Curitiba/PR,LGG,10.14,1
Curitiba/PR,LGG,13,5
Cascavel/PR,LGG,13.84,4
Cascavel/PR,LGG,9.04,3
Cascavel/PR,LGG,14.97,4
Cascavel/PR,LGG,16.17,6
Diorama/GO,LGG,45.39,7
Diorama/GO,LGG,39.54,14
Niterói/RJ,LGG,13.21,3
Niterói/RJ,LGG,10.71,4
Niterói/RJ,LGG,19.76,3
Niterói/RJ,LGG,14.97,3
Presidente Dutra/BA,LGG,44.79,11
Presidente Dutra/BA,LGG,39.88,11
Guapé/MG,LGG,45.81,7
Guapé/MG,LGG,38.26,7
Petrópolis/RJ,LGG,15.41,3
Petrópolis/RJ,LGG,13.42,4
Petrópolis/RJ,LGG,20.5,3
Petrópolis/RJ,LGG,18.49,3
Biquinhas/MG,LGG,41.24,7
Biquinhas/MG,LGG,34.61,7
Diadema/SP,LGG,40.55,4
Diadema/SP,LGG,32.31,12
São Paulo/SP,LGG,10.2,2
São Paulo/SP,LGG,9.32,3
São Paulo/SP,LGG,15.5,2
São Paulo/SP,LGG,12.91,4
Sorocaba/SP,LGG,13.61,2
Sorocaba/SP,LGG,10.06,3
Sorocaba/SP,LGG,19.09,2
Sorocaba/SP,LGG,15.96,4
Diadema/SP,LGG,11.67,2
Diadema/SP,LGG,11.11,3
Diadema/SP,LGG,16.3,2
Diadema/SP,LGG,14.51,4
Carapicuíba/SP,LGG,15.2,3
Carapicuíba/SP,LGG,10.07,4
Carapicuíba/SP,LGG,21.39,3
Carapicuíba/SP,LGG,17.5,5
São Caetano do Sul/SP,LGG,11.35,2
São Caetano do Sul/SP,LGG,8.99,3
São Caetano do Sul/SP,LGG,13.15,2
São Caetano do Sul/SP,LGG,14.77,4
Curitiba/PR,LGG,13.12,3
Curitiba/PR,LGG,6.93,4
Curitiba/PR,LGG,14.47,1
Curitiba/PR,LGG,15.04,5
Campinas/SP,LGG,13.49,3
Campinas/SP,LGG,10.05,4
Campinas/SP,LGG,18.94,3
Campinas/SP,LGG,15.87,5
Lages/SC,LGG,19.14,4
Lages/SC,LGG,11.01,5
Lages/SC,LGG,17.57,4
Lages/SC,LGG,19.66,6
Santo André/SP,LGG,14.02,2
Santo André/SP,LGG,12.4,3
Santo André/SP,LGG,19.97,2
Santo André/SP,LGG,17.26,4
Ibiúna/SP,LGG,49.88,4
Ibiúna/SP,LGG,10.06,5
Ibiúna/SP,LGG,20.92,4
São Paulo/SP,LGG,11.99,2
São Paulo/SP,LGG,9.33,4
São Paulo/SP,LGG,17.25,2
São Paulo/SP,LGG,14.68,4
São Paulo/SP,LGG,12.1,2
São Paulo/SP,LGG,10.36,3
São Paulo/SP,LGG,18.17,2
São Paulo/SP,LGG,14.78,4
Curitiba/PR,LGG,29.45,3
Curitiba/PR,LGG,15.96,4
Curitiba/PR,LGG,32.35,1
Curitiba/PR,LGG,29.41,5
Jundiaí/SP,LGG,15.2,2
Jundiaí/SP,LGG,10.07,3
Jundiaí/SP,LGG,21.39,2
Jundiaí/SP,LGG,17.5,4
São Paulo/SP,LGG,11.99,2
São Paulo/SP,LGG,9.23,3
São Paulo/SP,LGG,18.01,2
São Paulo/SP,LGG,14.68,4
Mauá/SP,LGG,11.16,2
Mauá/SP,LGG,7.53,3
Mauá/SP,LGG,12.89,2
Mauá/SP,LGG,14.62,4
Praia Grande/SP,LGG,12.68,2
Praia Grande/SP,LGG,10.07,3
Praia Grande/SP,LGG,21.39,2
Praia Grande/SP,LGG,16.21,4
Osasco/SP,LGG,11.29,2
Osasco/SP,LGG,7.55,3
Osasco/SP,LGG,13.06,2
Osasco/SP,LGG,14.72,4
Santo André/SP,LGG,11.31,2
Santo André/SP,LGG,8.74,3
Santo André/SP,LGG,15.81,2
Santo André/SP,LGG,14.23,4
São Paulo/SP,LGG,8.23,2
São Paulo/SP,LGG,6.89,3
São Paulo/SP,LGG,13.15,2
São Paulo/SP,LGG,11.57,4
São Paulo/SP,LGG,9.93,2
São Paulo/SP,LGG,8.12,4
São Paulo/SP,LGG,15.94,2
São Paulo/SP,LGG,12.7,4
São Gonçalo/RJ,LGG,46.86,6
São Gonçalo/RJ,LGG,11.17,7
São Gonçalo/RJ,LGG,37.89,6
Franco da Rocha/SP,LGG,11.4,3
Franco da Rocha/SP,LGG,8.75,4
Franco da Rocha/SP,LGG,20.41,3
Franco da Rocha/SP,LGG,14.3,5
São Paulo/SP,LGG,9.93,2
São Paulo/SP,LGG,8.12,4
São Paulo/SP,LGG,15.14,2
São Paulo/SP,LGG,12.7,4
Carapicuíba/SP,LGG,15.08,3
Carapicuíba/SP,LGG,10.06,4
Carapicuíba/SP,LGG,21.24,3
Carapicuíba/SP,LGG,17.41,5
São Paulo/SP,LGG,12.1,4
São Paulo/SP,LGG,9.3,5
São Paulo/SP,LGG,18.17,4
São Paulo/SP,LGG,14.78,6
Curitiba/PR,LGG,13.12,3
Curitiba/PR,LGG,7.7,4
Curitiba/PR,LGG,14.47,1
Curitiba/PR,LGG,15.04,5
Caieiras/SP,LGG,12.57,3
Caieiras/SP,LGG,10.06,4
Caieiras/SP,LGG,18.01,3
Caieiras/SP,LGG,16.12,5
Araçariguama/SP,LGG,13.99,3
Araçariguama/SP,LGG,8.74,6
Araçariguama/SP,LGG,20.28,3
Araçariguama/SP,LGG,17.31,5
Cachoeirinha/RS,LGG,13.43,3
Cachoeirinha/RS,LGG,9.53,4
Cachoeirinha/RS,LGG,16.39,3
Cachoeirinha/RS,LGG,15.35,5
Guairaçá/PR,LGG,25.05,6
Guairaçá/PR,LGG,10.79,5
Guairaçá/PR,LGG,24.7,6
Guairaçá/PR,LGG,28.51,8
São Borja/RS,LGG,17.68,7
São Borja/RS,LGG,15.13,8
São Borja/RS,LGG,23.47,7
São Borja/RS,LGG,19.13,9
Itati/RS,LGG,15.65,7
Itati/RS,LGG,9.59,9
Itati/RS,LGG,20.5,7
Itati/RS,LGG,16.73,9
Pelotas/RS,LGG,29.78,4
Pelotas/RS,LGG,17.59,5
Pelotas/RS,LGG,21.6,4
Pelotas/RS,LGG,31.25,6
Curitiba/PR,LGG,14.24,3
Curitiba/PR,LGG,8.54,4
Curitiba/PR,LGG,16.62,1
Curitiba/PR,LGG,17.04,5
Água Doce/SC,LGG,46.75,5
Água Doce/SC,LGG,34.03,9
São Marcos/RS,LGG,17.57,6
São Marcos/RS,LGG,10.49,7
São Marcos/RS,LGG,23.32,6
São Marcos/RS,LGG,19.04,8
Garopaba/SC,LGG,53.43,5
Garopaba/SC,LGG,38.68,14
Treze Tílias/SC,LGG,50.96,5
Treze Tílias/SC,LGG,37.01,10
Santa Rosa/RS,LGG,19.33,6
Santa Rosa/RS,LGG,9.6,8
Santa Rosa/RS,LGG,20.62,7
Santa Rosa/RS,LGG,21.11,9
Rebouças/PR,LGG,47.36,6
Rebouças/PR,LGG,7.7,7
Rebouças/PR,LGG,20.35,4
Boa Vista do Buricá/RS,LGG,15.86,6
Boa Vista do Buricá/RS,LGG,14.08,8
Boa Vista do Buricá/RS,LGG,18.65,7
Boa Vista do Buricá/RS,LGG,18.2,9
Blumenau/SC,LGG,14.93,2
Blumenau/SC,LGG,9.56,5
Blumenau/SC,LGG,18.78,4
Blumenau/SC,LGG,17.29,6
Guabiruba/SC,LGG,20.26,3
Guabiruba/SC,LGG,7.02,6
Guabiruba/SC,LGG,19.25,5
Guabiruba/SC,LGG,23.95,7
Rio de Janeiro/RJ,LGG,14.12,3
Rio de Janeiro/RJ,LGG,10.55,4
Rio de Janeiro/RJ,LGG,24.52,3
Rio de Janeiro/RJ,LGG,15.05,2
Rio de Janeiro/RJ,LGG,14.12,3
Rio de Janeiro/RJ,LGG,10.55,4
Rio de Janeiro/RJ,LGG,19.85,3
Rio de Janeiro/RJ,LGG,15.05,2
Curitiba/PR,LGG,14.35,3
Curitiba/PR,LGG,8.55,4
Curitiba/PR,LGG,16.78,1
Curitiba/PR,LGG,17.13,5
Gurupi/TO,LGG,59.32,7
Gurupi/TO,LGG,28.7,7
Gurupi/TO,LGG,64.72,6
Gurupi/TO,LGG,102.61,9
São Paulo/SP,LGG,9.93,3
São Paulo/SP,LGG,8.18,4
São Paulo/SP,LGG,15.14,3
São Paulo/SP,LGG,12.7,5
Paulínia/SP,LGG,13.23,3
Paulínia/SP,LGG,9.06,3
Paulínia/SP,LGG,19.74,3
Paulínia/SP,LGG,15.66,5
Balneário Barra do Sul/SC,LGG,63.82,6
Balneário Barra do Sul/SC,LGG,43.71,10
Feira de Santana/BA,LGG,21.4,5
Feira de Santana/BA,LGG,17.8,6
Feira de Santana/BA,LGG,30.83,5
Feira de Santana/BA,LGG,22.38,7
São Paulo/SP,LGG,11.99,2
São Paulo/SP,LGG,9.23,3
São Paulo/SP,LGG,17.25,2
São Paulo/SP,LGG,14.68,4
Rio do Sul/SC,LGG,26.18,2
Rio do Sul/SC,LGG,9.55,6
Rio do Sul/SC,LGG,18.61,4
Rio do Sul/SC,LGG,29.48,6
Manaus/AM,LGG,97.36,9
Manaus/AM,LGG,23.07,14
Manaus/AM,LGG,41.09,13
Manaus/AM,LGG,80.13,13
Araucária/PR,LGG,21.93,3
Araucária/PR,LGG,10.62,4
Araucária/PR,LGG,29.11,1
Araucária/PR,LGG,22.42,5
Pinhais/PR,LGG,14.97,3
Pinhais/PR,LGG,9.36,4
Pinhais/PR,LGG,20.04,1
Pinhais/PR,LGG,16.47,5
Araçoiaba da Serra/SP,LGG,64.23,5
Araçoiaba da Serra/SP,LGG,10.12,6
Araçoiaba da Serra/SP,LGG,27.58,4
São Paulo/SP,LGG,8.16,2
São Paulo/SP,LGG,6.76,3
São Paulo/SP,LGG,12.68,2
São Paulo/SP,LGG,11.52,4
Veranópolis/RS,LGG,24.31,6
Veranópolis/RS,LGG,9.59,7
Veranópolis/RS,LGG,20.5,6
Veranópolis/RS,LGG,26.82,8
Piratuba/SC,LGG,63.7,5
Piratuba/SC,LGG,19.05,6
Piratuba/SC,LGG,43.54,5
Glorinha/RS,LGG,13.37,7
Glorinha/RS,LGG,7.71,8
Glorinha/RS,LGG,18.65,7
Glorinha/RS,LGG,15.3,9
Bagé/RS,LGG,21.91,5
Bagé/RS,LGG,16.2,6
Bagé/RS,LGG,20.89,5
Bagé/RS,LGG,23.65,7
Porto Alegre/RS,LGG,18.86,3
Porto Alegre/RS,LGG,18.61,4
Porto Alegre/RS,LGG,18.08,3
Porto Alegre/RS,LGG,23.75,5
Bom Jesus/RS,LGG,17.57,7
Bom Jesus/RS,LGG,10.49,8
Bom Jesus/RS,LGG,23.32,7
Bom Jesus/RS,LGG,19.04,9
Sant'Ana do Livramento/RS,LGG,21.79,5
Sant'Ana do Livramento/RS,LGG,15.12,6
Sant'Ana do Livramento/RS,LGG,23.32,5
Sant'Ana do Livramento/RS,LGG,23.56,7
Agudo/RS,LGG,29.14,7
Agudo/RS,LGG,10.49,8
Agudo/RS,LGG,23.32,7
Agudo/RS,LGG,30.74,9
Cambé/PR,LGG,18.08,3
Cambé/PR,LGG,11.77,2
Cambé/PR,LGG,24.38,3
Cambé/PR,LGG,19.7,5
Cascavel/PR,LGG,19.15,4
Cascavel/PR,LGG,11.7,3
Cascavel/PR,LGG,19.89,4
Cascavel/PR,LGG,20.7,6
Cacique Doble/RS,LGG,47.47,8
Cacique Doble/RS,LGG,35.15,8
Porto Mauá/RS,LGG,15.92,8
Porto Mauá/RS,LGG,29.43,10
Porto Mauá/RS,LGG,35.24,9
Porto Mauá/RS,LGG,18.25,11
Porto Alegre/RS,LGG,43.57,3
Porto Alegre/RS,LGG,28.51,4
Porto Alegre/RS,LGG,30.54,3
Porto Alegre/RS,LGG,33.12,5
Rolândia/PR,LGG,21.56,4
Rolândia/PR,LGG,11.93,2
Rolândia/PR,LGG,28.61,3
Rolândia/PR,LGG,22.12,6
Cascavel/PR,LGG,19.26,4
Cascavel/PR,LGG,11.71,3
Cascavel/PR,LGG,20.04,4
Cascavel/PR,LGG,20.79,6
Santo Ângelo/RS,LGG,21.79,5
Santo Ângelo/RS,LGG,15.12,6
Santo Ângelo/RS,LGG,23.32,5
Santo Ângelo/RS,LGG,23.56,7
Ciríaco/RS,LGG,21.91,6
Ciríaco/RS,LGG,15.13,7
Ciríaco/RS,LGG,23.47,6
Ciríaco/RS,LGG,23.65,8
Araranguá/SC,LGG,25.96,4
Araranguá/SC,LGG,14.4,5
Araranguá/SC,LGG,22.64,4
Araranguá/SC,LGG,27.12,6
Porto Alegre/RS,LGG,18.86,3
Porto Alegre/RS,LGG,18.61,4
Porto Alegre/RS,LGG,18.08,3
Porto Alegre/RS,LGG,23.75,5
Cruzeiro do Sul/RS,LGG,19.24,6
Cruzeiro do Sul/RS,LGG,10.44,7
Cruzeiro do Sul/RS,LGG,20.5,6
Cruzeiro do Sul/RS,LGG,21.04,8
Santa Maria/RS,LGG,29.14,4
Santa Maria/RS,LGG,10.49,6
Santa Maria/RS,LGG,20.74,5
Santa Maria/RS,LGG,30.74,7
Porto Alegre/RS,LGG,28.17,3
Porto Alegre/RS,LGG,26.03,4
Porto Alegre/RS,LGG,25.36,3
Porto Alegre/RS,LGG,29.27,5
Passo Fundo/RS,LGG,21.79,4
Passo Fundo/RS,LGG,15.12,5
Passo Fundo/RS,LGG,20.74,4
Passo Fundo/RS,LGG,23.56,6
Curitiba/PR,LGG,13.6,3
Curitiba/PR,LGG,9.35,4
Curitiba/PR,LGG,15.11,1
Curitiba/PR,LGG,15.41,5
Terra Roxa/PR,LGG,11.93,6
Terra Roxa/PR,LGG,8.97,5
Terra Roxa/PR,LGG,15.22,6
Terra Roxa/PR,LGG,14.39,8
Passo Fundo/RS,LGG,15.86,4
Passo Fundo/RS,LGG,15.01,5
Passo Fundo/RS,LGG,16.3,4
Passo Fundo/RS,LGG,18.2,6
Caxias do Sul/RS,LGG,13.37,4
Caxias do Sul/RS,LGG,9.53,5
Caxias do Sul/RS,LGG,16.3,4
Caxias do Sul/RS,LGG,15.3,6
Curitiba/PR,LGG,11.9,3
Curitiba/PR,LGG,8.53,4
Curitiba/PR,LGG,13.38,1
Curitiba/PR,LGG,14.73,5
Santa Maria/RS,LGG,20.83,4
Santa Maria/RS,LGG,9.53,6
Santa Maria/RS,LGG,16.39,5
Santa Maria/RS,LGG,24.68,7
Salto Veloso/SC,LGG,47.13,6
Salto Veloso/SC,LGG,16.44,7
Salto Veloso/SC,LGG,34.54,6
Tubarão/SC,LGG,13.32,4
Tubarão/SC,LGG,12.88,5
Tubarão/SC,LGG,17.13,4
Tubarão/SC,LGG,15.24,6
Bandeirantes/PR,LGG,12.29,4
Bandeirantes/PR,LGG,7.34,3
Bandeirantes/PR,LGG,13.23,4
Bandeirantes/PR,LGG,14.67,6
Dois Lajeados/RS,LGG,18.4,7
Dois Lajeados/RS,LGG,7.67,8
Dois Lajeados/RS,LGG,16.37,7
Dois Lajeados/RS,LGG,22.3,9
Jacareí/SP,LGG,9.17,3
Jacareí/SP,LGG,7.61,4
Jacareí/SP,LGG,13.71,3
Jacareí/SP,LGG,12.91,5
Guarulhos/SP,LGG,11.29,2
Guarulhos/SP,LGG,8.99,3
Guarulhos/SP,LGG,13.06,2
Guarulhos/SP,LGG,14.72,4
São Paulo/SP,LGG,6.99,3
São Paulo/SP,LGG,6.7,4
São Paulo/SP,LGG,10.8,3
São Paulo/SP,LGG,10.16,5
São Paulo/SP,LGG,8.16,2
São Paulo/SP,LGG,6.76,3
São Paulo/SP,LGG,12.68,2
São Paulo/SP,LGG,11.52,4
Campinas/SP,LGG,10.46,2
Campinas/SP,LGG,7.64,3
Campinas/SP,LGG,12.52,2
Campinas/SP,LGG,13.71,4
Ribeirão Preto/SP,LGG,12.4,2
Ribeirão Preto/SP,LGG,9.41,3
Ribeirão Preto/SP,LGG,18.79,2
Ribeirão Preto/SP,LGG,15.84,4
Santo André/SP,LGG,9.1,2
Santo André/SP,LGG,7.48,3
Santo André/SP,LGG,10.66,2
Santo André/SP,LGG,12.85,4
São Paulo/SP,LGG,7.41,3
São Paulo/SP,LGG,6.75,4
São Paulo/SP,LGG,11.36,3
São Paulo/SP,LGG,10.48,5
São Bernardo do Campo/SP,LGG,9.17,2
São Bernardo do Campo/SP,LGG,7.61,3
São Bernardo do Campo/SP,LGG,10.75,2
São Bernardo do Campo/SP,LGG,12.91,4
São Paulo/SP,LGG,7.37,2
São Paulo/SP,LGG,6.74,3
São Paulo/SP,LGG,11.16,2
São Paulo/SP,LGG,10.46,4
São Paulo/SP,LGG,6.99,2
São Paulo/SP,LGG,6.7,3
São Paulo/SP,LGG,10.8,2
São Paulo/SP,LGG,10.16,4
Curitiba/PR,LGG,17.95,3
Curitiba/PR,LGG,11.26,4
Curitiba/PR,LGG,22.22,1
Curitiba/PR,LGG,23,5
Coronel Vivida/PR,LGG,17.12,7
Coronel Vivida/PR,LGG,11.7,8
Coronel Vivida/PR,LGG,20.99,4
Coronel Vivida/PR,LGG,18.47,8
Pelotas/RS,LGG,29.25,4
Pelotas/RS,LGG,15.13,5
Pelotas/RS,LGG,20.89,4
Pelotas/RS,LGG,30.83,6
Coronel Vivida/PR,LGG,16.65,7
Coronel Vivida/PR,LGG,10.77,8
Coronel Vivida/PR,LGG,20.35,4
Coronel Vivida/PR,LGG,18.09,8
Porto Alegre/RS,LGG,18.49,3
Porto Alegre/RS,LGG,10.59,4
Porto Alegre/RS,LGG,17.4,3
Porto Alegre/RS,LGG,21.78,5
Campo Magro/PR,LGG,24.42,5
Campo Magro/PR,LGG,10.36,6
Campo Magro/PR,LGG,23.85,3
Campo Magro/PR,LGG,28.01,7
Canoas/RS,LGG,16.48,3
Canoas/RS,LGG,11.71,5
Canoas/RS,LGG,19.23,4
Canoas/RS,LGG,17.38,6
Criciúma/SC,LGG,19.14,4
Criciúma/SC,LGG,15.3,5
Criciúma/SC,LGG,17.57,4
Criciúma/SC,LGG,19.66,6
Frederico Westphalen/RS,LGG,59.58,7
Frederico Westphalen/RS,LGG,41.96,7
Santa Tereza do Oeste/PR,LGG,19.15,5
Santa Tereza do Oeste/PR,LGG,11.7,5
Santa Tereza do Oeste/PR,LGG,22.99,5
Santa Tereza do Oeste/PR,LGG,20.7,7
Amaral Ferrador/RS,LGG,29.14,6
Amaral Ferrador/RS,LGG,15.12,6
Amaral Ferrador/RS,LGG,23.32,6
Amaral Ferrador/RS,LGG,30.74,8
Caxias do Sul/RS,LGG,13.37,4
Caxias do Sul/RS,LGG,9.53,5
Caxias do Sul/RS,LGG,16.3,4
Caxias do Sul/RS,LGG,15.3,6
Capão da Canoa/RS,LGG,17.57,4
Capão da Canoa/RS,LGG,10.49,6
Capão da Canoa/RS,LGG,20.74,4
Capão da Canoa/RS,LGG,19.04,6
Porto Alegre/RS,LGG,22.28,3
Porto Alegre/RS,LGG,18.67,4
Porto Alegre/RS,LGG,21.65,3
Porto Alegre/RS,LGG,27.7,5
Marialva/PR,LGG,11.44,3
Marialva/PR,LGG,7.36,2
Marialva/PR,LGG,14.97,3
Marialva/PR,LGG,13.53,5
Porto Alegre/RS,LGG,18.86,3
Porto Alegre/RS,LGG,10.49,4
Porto Alegre/RS,LGG,18.08,3
Porto Alegre/RS,LGG,23.75,5
Arroio do Sal/RS,LGG,17.57,6
Arroio do Sal/RS,LGG,10.49,8
Arroio do Sal/RS,LGG,23.32,6
Arroio do Sal/RS,LGG,19.04,8
Maravilha/SC,LGG,70.23,5
Maravilha/SC,LGG,15.37,6
Maravilha/SC,LGG,29.46,5
Arvorezinha/RS,LGG,15.86,7
Arvorezinha/RS,LGG,9.53,8
Arvorezinha/RS,LGG,18.65,7
Arvorezinha/RS,LGG,18.2,9
Caxias do Sul/RS,LGG,17.68,4
Caxias do Sul/RS,LGG,10.5,5
Caxias do Sul/RS,LGG,20.89,4
Caxias do Sul/RS,LGG,19.13,6
Içara/SC,LGG,18.12,5
Içara/SC,LGG,13.66,6
Içara/SC,LGG,16.19,5
Içara/SC,LGG,18.9,7
São Luís/MA,LGG,32.02,10
São Luís/MA,LGG,17.92,12
São Luís/MA,LGG,21.98,10
São Luís/MA,LGG,34.62,12
Curitiba/PR,LGG,16.9,3
Curitiba/PR,LGG,9.47,4
Curitiba/PR,LGG,20.81,1
Curitiba/PR,LGG,22.17,5
Feira de Santana/BA,LGG,19.6,5
Feira de Santana/BA,LGG,17.8,6
Feira de Santana/BA,LGG,29.07,5
Feira de Santana/BA,LGG,19.95,7
Pomerode/SC,LGG,14.93,5
Pomerode/SC,LGG,18.78,7
Pomerode/SC,LGG,17.29,9
Itabuna/BA,LGG,19.24,7
Itabuna/BA,LGG,16.08,7
Itabuna/BA,LGG,28.59,6
Itabuna/BA,LGG,19.66,8
Santa Izabel do Pará/PA,LGG,130.73,11
Santa Izabel do Pará/PA,LGG,19.78,13
Santa Izabel do Pará/PA,LGG,35.51,11
Manaus/AM,LGG,61.93,9
Manaus/AM,LGG,20.56,14
Manaus/AM,LGG,28.36,13
Manaus/AM,LGG,55.37,13
São Vicente/SP,LGG,62.42,3
São Vicente/SP,LGG,37.12,3
São Vicente/SP,LGG,46.41,2
São Vicente/SP,LGG,41.73,4
Belém/PA,LGG,27.41,8
Belém/PA,LGG,19.78,10
Belém/PA,LGG,28.19,8
Belém/PA,LGG,30.75,10
Feliz/RS,LGG,11.57,6
Feliz/RS,LGG,7.64,7
Feliz/RS,LGG,16.13,6
Feliz/RS,LGG,13.81,8
Cachoeirinha/RS,LGG,11.57,3
Cachoeirinha/RS,LGG,7.64,4
Cachoeirinha/RS,LGG,13.97,3
Cachoeirinha/RS,LGG,13.81,5
Belém/PA,LGG,19.27,8
Belém/PA,LGG,16.98,10
Belém/PA,LGG,22.01,8
Belém/PA,LGG,23.13,10
Joinville/SC,LGG,13.71,1
Joinville/SC,LGG,6.95,4
Joinville/SC,LGG,11.27,3
Joinville/SC,LGG,16.1,5
Feira de Santana/BA,LGG,16.95,5
Feira de Santana/BA,LGG,16.1,6
Feira de Santana/BA,LGG,27.59,5
Feira de Santana/BA,LGG,18.23,7
Manaus/AM,LGG,43.11,9
Manaus/AM,LGG,21.73,14
Manaus/AM,LGG,27.2,13
Manaus/AM,LGG,50.55,13
